{
  "id": "2896723",
  "name": "护士站",
  "font_family": "iconfont",
  "css_prefix_text": "icon-",
  "description": "",
  "glyphs": [
    {
      "icon_id": "201638",
      "name": "编辑",
      "font_class": "bianji",
      "unicode": "e600",
      "unicode_decimal": 58880
    },
    {
      "icon_id": "577312",
      "name": "加号",
      "font_class": "jiahao",
      "unicode": "e726",
      "unicode_decimal": 59174
    },
    {
      "icon_id": "1166053",
      "name": "日志",
      "font_class": "rizhi",
      "unicode": "e61c",
      "unicode_decimal": 58908
    },
    {
      "icon_id": "1314404",
      "name": "睡觉",
      "font_class": "shuijue",
      "unicode": "e66b",
      "unicode_decimal": 58987
    },
    {
      "icon_id": "2053181",
      "name": "短信",
      "font_class": "duanxin",
      "unicode": "e6e4",
      "unicode_decimal": 59108
    },
    {
      "icon_id": "7594222",
      "name": "其他功能",
      "font_class": "Other",
      "unicode": "e641",
      "unicode_decimal": 58945
    },
    {
      "icon_id": "8124841",
      "name": "床3",
      "font_class": "chuang",
      "unicode": "e60f",
      "unicode_decimal": 58895
    },
    {
      "icon_id": "20186220",
      "name": "显示器Pc",
      "font_class": "xianshiqiPc",
      "unicode": "e7d2",
      "unicode_decimal": 59346
    }
  ]
}
